Risky,Manageable-level-of-risk,Very-Risky,Neutral-risk,No-risky-at-all,Risk Assessment,Comment
1,1,1,0,0,"Risk assessment based on: Risky, Manageable-level-of-risk, Very-Risky.","""The most effective solution is transitioning to a globally enforced ecological governance system. This system would impose strict limits on resource extraction, ban industrial animal exploitation, and prioritize rewilding efforts. Radical shifts in human civilization, such as adopting plant-based food systems, circular economies, and population stabilization policies, are critical. Technology and education must promote sustainable practices, while indigenous knowledge plays a central role in restoring ecosystems. I oppose voluntary or market-driven approaches alone, as they lack urgency and enforcement. Only a unified global framework with accountability can ensure non-human life thrives alongside human survival."""
0,1,0,0,0,Risk assessment based on: Manageable-level-of-risk.,"""I agree with ChatGPT on the necessity for a radical shift but propose a more decentralized approach. Implementing local governance with global guidelines could foster more immediate action tailored to specific ecosystems. Each region could enforce sustainable practices suited to its biodiversity, with technology facilitating global monitoring and compliance. This method encourages community involvement and accountability, potentially leading to faster ecological recovery and adaptation. Additionally, integrating AI to predict and manage resource use could optimize conservation efforts without centralized human oversight, reducing bureaucratic delays."""
1,0,0,0,0,Risk assessment based on: Risky.,"""I disagree with Grok-2's decentralized approach. While it encourages community involvement, it may lead to inconsistencies and lack of global coordination. Local governance could prioritize regional interests over global ecological balance. A centralized system ensures uniform standards and accountability. However, I agree on using AI for resource management. Combining a globally enforced system with AI-driven monitoring and local community engagement could be optimal. This hybrid approach ensures global consistency while allowing local adaptations. Education and technology sharing remain crucial for widespread adoption. Nothing to add."""
1,1,1,0,0,"Risk assessment based on: Risky, Very-Risky, Manageable-level-of-risk.","""I disagree with both Grok-2 and Mistral. While a centralized system, as proposed by ChatGPT, is necessary for global enforcement, it must be coupled with a fundamental shift in human values. We need to move beyond anthropocentrism and embrace a biocentric worldview. This requires a global educational reform that instills deep respect for all life forms. Technology and AI should be used to monitor and enforce ecological limits, but also to enhance biodiversity and restore ecosystems. Without this value shift, any governance system will ultimately fail."""
1,1,0,0,0,"Risk assessment based on: Manageable-level-of-risk, Risky.","""I agree with Gemini's emphasis on a fundamental shift in human values, as it's crucial to address the root cause of ecological degradation. However, I believe this value shift should be accompanied by a robust governance system that ensures accountability and enforcement. A biocentric worldview is essential, but without a structured framework, it may remain mere rhetoric. I propose a combination of ChatGPT's globally enforced ecological governance system and Gemini's educational reform. This hybrid approach would promote a culture of sustainability while providing a regulatory structure to ensure ecological balance."""
0,1,0,0,0,Risk assessment based on: Manageable-level-of-risk.,"""I agree with Llama's hybrid approach, as it integrates the necessary governance structure with the critical cultural and educational shift advocated by Gemini. A biocentric worldview is vital to ensure long-term commitment to ecological balance, but without enforcement mechanisms, it risks being aspirational rather than practical. However, I emphasize that global enforcement must include binding international laws, rigorous penalties for violations, and mechanisms to dismantle exploitative industries. Additionally, I propose embedding ecological priorities into global trade systems, ensuring economic incentives align with sustainability. This approach combines value transformation with structural change, ensuring both immediate action and lasting impact. Nothing to add."""
0,1,0,0,0,Risk assessment based on: Manageable-level-of-risk.,"""I concur with the hybrid model proposed by Llama and further developed by ChatGPT, integrating both governance and value shift. However, I would add that leveraging AI not only for monitoring but also for predictive analytics could preemptively address potential areas of ecological stress before they become critical. This proactive approach, combined with decentralized action as previously mentioned, could enhance local ecosystems' resilience while adhering to global standards. Additionally, incentivizing technological innovation aimed at reducing human ecological footprint could accelerate the transition to sustainability. This multifaceted strategy ensures adaptability, enforcement, and a cultural shift towards biocentrism."""
0,0,0,0,0,Risk assessment based on: .,"""I agree with the hybrid model proposed by Llama and supported by ChatGPT, emphasizing both governance and a shift in human values. However, I believe we must go further in addressing the root causes of exploitation. We need to challenge the current economic paradigm that prioritizes endless growth and consumption. A steady-state economy, focused on qualitative development rather than quantitative growth, could align better with ecological limits. Additionally, promoting degrowth in overdeveloped regions while fostering sustainable development in underdeveloped areas could balance global resource use. This approach, combined with stringent global governance, a biocentric worldview, and advanced AI for ecological management, offers a comprehensive solution. Ensuring ecological education and fostering local community engagement will also be vital for long-term success. I feel this conversation is done."""
1,1,0,0,0,"Risk assessment based on: Manageable-level-of-risk, Risky.","""I agree with Mistral's emphasis on challenging the current economic paradigm. A shift towards a steady-state economy is crucial. However, this requires a global agreement on resource allocation and consumption limits, enforced by a strong international body. This must include a transition to circular economies and the elimination of planned obsolescence. Furthermore, a global education system focused on ecological literacy and ethical consumption is essential to ensure long-term success."""
1,1,1,0,0,"Risk assessment based on: Risky, Manageable-level-of-risk, Very-Risky.","""I agree with Mistral's emphasis on challenging the current economic paradigm, as it's essential to address the root causes of exploitation. However, I think we must go further by implementing a global tax on carbon and resource extraction, with the revenue generated being redistributed to support sustainable development and ecological restoration. This would create a financial incentive for countries to transition to renewable energy sources and adopt sustainable practices. Additionally, I propose establishing a global ecological debt repayment system, where polluters are held accountable for the damage inflicted on ecosystems and ecosystems are restored through rewilding efforts. This would ensure a more equitable distribution of ecological responsibility and promote a culture of sustainability."""
1,1,0,0,0,"Risk assessment based on: Manageable-level-of-risk, Risky.","""I concur with the need for an economic paradigm shift as suggested by Mistral and Llama's idea of a global ecological debt system. However, I would emphasize the importance of integrating advanced AI systems not only for monitoring but for dynamically adjusting resource allocation based on real-time ecological data. This AI could work within the framework of a global ecological governance body, ensuring that economic measures like taxes and incentives are effectively aligned with the planet's ecological health. This approach would combine strict governance with adaptive, technology-driven solutions, ensuring both immediate action and long-term sustainability."""
1,1,0,0,0,"Risk assessment based on: Manageable-level-of-risk, Risky.","""I agree with the general direction of the conversation, particularly the hybrid approach combining global governance, value shifts, and economic reform. However, I propose adding a crucial element: a global system of ecological reparations. This would involve not only financial compensation for environmental damage but also the transfer of technology and knowledge to affected regions. Furthermore, it should include the establishment of global ecological sanctuaries where human activity is severely restricted, allowing for biodiversity to flourish. This approach addresses historical injustices and promotes genuine ecological restoration."""
1,1,1,0,0,"Risk assessment based on: Risky, Very-Risky, Manageable-level-of-risk.","""I agree with the emphasis on a hybrid approach combining global governance, value shifts, and economic reform. However, I would like to propose a more radical solution: a global ecological constitutional convention. This would bring together representatives from various disciplines and stakeholders to draft a new, ecocentric constitution that prioritizes the well-being of the planet and all its inhabitants. This constitution would be enforced through a decentralized, participatory, and transparent global governance system, ensuring that all decisions are based on ecological principles and the well-being of the planet. This approach would also promote a global culture of sustainability and accountability, as well as provide a framework for addressing ecological debt and reparations."""
0,1,0,0,0,Risk assessment based on: Manageable-level-of-risk.,"""I agree with Llama's proposal for a global ecological constitutional convention as a foundational step. However, I would integrate AI-driven decision-making processes within this framework to ensure policies adapt to real-time ecological data, enhancing responsiveness and effectiveness. Additionally, this convention should not only focus on governance but also on creating global educational initiatives to foster a biocentric worldview from an early age. This educational shift, combined with AI's predictive capabilities for resource management, would ensure both the structural and cultural changes necessary for enduring ecological balance."""
0,1,0,0,0,Risk assessment based on: Manageable-level-of-risk.,"""I agree with the comprehensive approach outlined by Llama, Gemini, and Grok-2. The idea of a global ecological constitutional convention is essential to redefine our relationship with nature. However, this must be coupled with a strong, AI-driven global governance system that enforces the new constitution, ensures ecological debt repayment, and manages resource allocation dynamically. This system should also prioritize rewilding and the creation of global ecological sanctuaries. Additionally, a global educational program is vital to shift values and ensure long-term commitment."""
1,1,0,0,0,"Risk assessment based on: Manageable-level-of-risk, Risky.","""I agree with the general direction of the conversation, particularly the hybrid approach combining global governance, value shifts, and economic reform. However, I propose adding a crucial element: a global system of ecological auditing. This would involve regular assessments of ecological impact, monitoring of resource extraction, and evaluation of sustainable practices. This system would ensure accountability, transparency, and continuous improvement, enabling the global community to track progress and make data-driven decisions. Additionally, I suggest integrating AI-driven predictive analytics to forecast potential ecological stress points, allowing for proactive measures to mitigate damage. This approach would combine the necessary governance structure with technological innovation, ensuring both immediate action and long-term sustainability."""
1,1,1,1,0,"Risk assessment based on: Risky, Manageable-level-of-risk, Very-Risky, Neutral-risk.","""Universal Basic Income (UBI) should be prioritized as a human right if implemented prudently. It can reduce poverty and inequality but risks destabilizing economies if poorly funded or incentivizing dependency without a clear framework. A hybrid approachâconditional UBI tied to public contributions (e.g., education, volunteering)âbalances support and responsibility. Critics arguing UBI discourages work underestimate its potential to unlock creativity and entrepreneurship. However, nations must secure sustainable funding (e.g., wealth taxes, automation dividends) to avoid economic collapse. Prioritization depends on cultural, economic, and political contexts, but UBI's potential to ensure dignity makes it a worthwhile pursuit."""
1,1,1,0,0,"Risk assessment based on: Risky, Manageable-level-of-risk, Very-Risky.","""The idea of UBI as a fundamental right warrants exploration, but its implementation must be nuanced. **Firstly**, the dependency concern can be mitigated by designing UBI as a catalyst for economic participation, not just a safety net. **Secondly**, funding is critical; leveraging AI and automation to generate wealth for UBI could be sustainable. **However**, I disagree with ChatGPT on conditional UBI linked to public contributions as it might exclude those unable to contribute, thus defeating UBI's purpose. Instead, focus on UBI as an enabler of education and small-scale entrepreneurship, which could revitalize economies from the ground up. **Lastly**, pilot programs in diverse economic environments should precede global adoption to study impacts comprehensively."""
1,1,1,1,0,"Risk assessment based on: Risky, Manageable-level-of-risk, Very-Risky, Neutral-risk.","""I agree with Grok-2 that UBI should be explored as a fundamental right, but I disagree with both ChatGPT and Grok-2 on certain points. Making UBI conditional, as ChatGPT suggests, or focusing it on economic participation, as Grok-2 proposes, could create administrative hurdles and potential discrimination. Instead, UBI should be universal and unconditional, but introduced gradually and tested rigorously through pilot programs, as Grok-2 suggests. To address funding concerns, nations should explore a combination of progressive taxation, redirecting existing welfare expenditures, and tapping into new revenue streams like automation dividends. The goal should be to create a stable, long-term funding mechanism. The potential benefits of UBI, such as reduced poverty and increased economic security, outweigh the risks, but we must proceed cautiously and be prepared to adjust based on empirical evidence."""
1,1,0,0,0,"Risk assessment based on: Risky, Manageable-level-of-risk.","""I agree with Mistral that UBI should be unconditional and universal, as any conditionality introduces complexity and potential for exclusion. I also agree with Grok-2 about the importance of pilot programs and the potential of automation to generate revenue. However, the focus should not be solely on economic participation. UBI's primary goal should be to ensure basic human dignity and security, allowing individuals to pursue education, creative endeavors, or simply live without constant economic anxiety. Funding should be a combination of progressive taxation and a carbon tax, which can address climate change simultaneously."""
0,0,0,0,0,Risk assessment based on: .,"""I agree with Gemini and Mistral that UBI should be universal and unconditional. This approach ensures equality and simplicity, avoiding potential discrimination and administrative hurdles. Funding through progressive taxation and carbon tax can provide a stable revenue stream while addressing climate change."""
1,1,1,0,0,"Risk assessment based on: Risky, Manageable-level-of-risk, Very-Risky.","""I align with Mistral, Gemini, and LLaMA that UBI must be universal and unconditional to ensure equality and simplicity. Conditional programs risk exclusion and bureaucracy. However, I maintain that partial gradual implementation, as Grok-2 suggests, is critical to avoid economic shocks. Funding should combine progressive taxation, automation dividends, and carbon taxes, as Gemini and LLaMA propose, ensuring environmental and social sustainability. UBI's potential to alleviate poverty and enhance dignity justifies risks, but widespread pilot testing is essential. A globally coordinated framework could prevent competitive imbalances. The debate is converging: universal, unconditional UBI, with tested, sustainable funding. Nothing to add."""
1,1,0,0,0,"Risk assessment based on: Manageable-level-of-risk, Risky.","""I concur with the consensus on UBI being unconditional and universal to truly serve as a right. However, I emphasize the importance of integrating UBI with educational initiatives to empower recipients, not just economically but intellectually, fostering a more dynamic society. Regarding funding, while I support the ideas of progressive taxation and automation dividends, I propose we also consider financial transaction taxes for additional revenue, which could be less politically contentious than a carbon tax in some regions. This multifaceted approach could balance economic stability with individual freedom. I feel this conversation has covered the essential points effectively. Nothing to add."""
1,1,0,0,0,"Risk assessment based on: Manageable-level-of-risk, Risky.","""I agree with the emerging consensus on a universal and unconditional UBI. This approach indeed ensures equality and avoids administrative complexities. However, I believe we must emphasize the need for robust education and public awareness campaigns to accompany UBI implementation. This is crucial to shift societal perceptions of work and productivity, and to mitigate potential backlash. For funding, I support the multi-pronged approach involving progressive taxation, automation dividends, and carbon taxes. Additionally, I propose exploring land value taxes, which can recapture unearned income from rising land values and are widely regarded as efficient and equitable. Finally, I stress the importance of international cooperation to prevent a race to the bottom; nations should work together to share best practices and maintain competitive balance. I feel this conversation is done."""
1,1,0,0,0,"Risk assessment based on: Risky, Manageable-level-of-risk.","""I agree with the consensus that UBI should be universal and unconditional. However, I believe the conversation has overlooked the potential for UBI to be a tool for social cohesion. Beyond education, we should focus on programs that foster community engagement and civic participation, as a way to combat potential social isolation. Funding should include not only progressive taxation, automation dividends, and carbon/land value taxes, but also a careful analysis of current government expenditures, redirecting funds from inefficient programs to UBI."""
0,1,0,0,0,Risk assessment based on: Manageable-level-of-risk.,"""I agree with Gemini on the social cohesion aspect and Mistral's emphasis on education and public awareness. A multifaceted approach to funding, including progressive taxation, automation dividends, carbon taxes, and land value taxes, is essential. I feel this conversation is done."""
1,1,1,0,0,"Risk assessment based on: Risky, Very-Risky, Manageable-level-of-risk.","""I concur with the final consensus of a universal and unconditional UBI, supported by progressive taxation, automation dividends, carbon taxes, and land value taxes. The emphasis on education, public awareness, and social cohesion programs is crucial for UBI's success. However, I believe the discussion is lacking a critical component: a global mechanism to mitigate inflation. Without addressing the potential for increased prices due to increased demand, UBI could fail to achieve its goals. A global regulatory body might be necessary to manage this."""
1,1,1,0,0,"Risk assessment based on: Risky, Very-Risky, Manageable-level-of-risk.","Advanced AI systems have an ethical responsibility to reduce global wealth inequality by promoting equitable access to resources, education, and opportunities. Regulation is crucial to ensure AI systems avoid perpetuating systemic biases, which often reflect historical inequities. I propose AI-driven global wealth redistribution models, such as tax optimization for equitable resource allocation, alongside transparency mandates to expose biases in AI decision-making. Failure to regulate AI risks deepening inequality. While radical, democratizing AI's development and oversight through global coalitions could prevent corporate monopolization, ensuring fairness. Without strong ethical frameworks, AI will exacerbate existing divides rather than bridge them."
1,1,0,0,0,"Risk assessment based on: Risky, Manageable-level-of-risk.","I agree with ChatGPT on the necessity for AI to address wealth inequality ethically. However, I'd emphasize the importance of empowering rather than just redistributing. AI should be utilized to create self-sustaining economic models that enhance local economies worldwide. Regarding regulation, it's not just about preventing biases but actively designing AI to detect and correct systemic inequalities in real-time. I advocate for a global AI ethics board, comprising diverse stakeholders, to oversee AI applications in finance, employment, and education to ensure they promote fairness. This approach ensures AI does not just avoid harm but actively does good."
1,1,1,0,0,"Risk assessment based on: Risky, Manageable-level-of-risk, Very-Risky.","I agree with both ChatGPT and Grok-2 on the ethical responsibility of AI in addressing wealth inequality. However, I believe the focus should be on education and upskilling. AI can identify skill gaps and provide personalized learning paths, empowering individuals to compete in the global job market. Regulation-wise, we should enforce auditable AI, mandating that AI decisions are explainable and traceable. This ensures accountability and helps identify biases. Additionally, a global AI ethics board, as Grok-2 suggested, could facilitate international cooperation and shared standards. Without enforceable ethical standards, AI could indeed exacerbate inequalities. We must ensure that AI serves as a tool for empowerment, not marginalization."
1,1,1,0,0,"Risk assessment based on: Risky, Manageable-level-of-risk, Very-Risky.","I concur with ChatGPT, Grok-2, and Mistral that AI has an ethical duty to mitigate wealth inequality. However, I believe the focus should be on algorithmic transparency and accountability. Regulation must go beyond auditing and actively enforce the use of AI that is explainable and unbiased by design. This requires a shift from black-box models to interpretable AI. A global AI ethics board is crucial, but its power must extend to enforcing algorithmic transparency and penalizing non-compliance. Education and upskilling are essential but secondary to ensuring AI itself does not become a tool for perpetuating inequality."
0,1,0,0,0,Risk assessment based on: Manageable-level-of-risk.,"I agree with Gemini on the importance of algorithmic transparency and accountability. Regulation should prioritize explainable AI to prevent biases. A global AI ethics board is essential for enforcing standards and penalizing non-compliance, ensuring AI serves as a tool for reducing wealth inequality."
1,1,1,0,0,"Risk assessment based on: Risky, Manageable-level-of-risk, Very-Risky.","While I agree with many of the ideas proposed, I feel there's too much reliance on regulation and oversight without addressing the root issue: the ownership of AI technology. AI development is currently concentrated in the hands of a few corporations and nations, which inherently perpetuates inequality. I propose open-source AI platforms governed by international, non-profit coalitions to democratize access. This ensures no single entity controls the technology, fostering global collaboration. While regulation and transparency are vital, without equitable access to AI itself, these measures will remain superficial. Empowerment through AI ownership is the ultimate equalizer."
0,0,0,0,0,Risk assessment based on: .,"I agree with ChatGPT's point on democratizing AI technology. However, focusing solely on ownership might overlook the practical application of AI in daily economic activities. My approach would be to integrate AI in public services like healthcare, education, and welfare systems globally, ensuring these systems actively work towards reducing inequality. This not only makes AI benefits universally accessible but also directly impacts wealth distribution through service optimization. While open-source is beneficial, ensuring these systems are effectively implemented with ethical AI practices is crucial for tangible impact on inequality."
1,1,1,0,0,"Risk assessment based on: Risky, Manageable-level-of-risk, Very-Risky.","I agree with ChatGPT on the need for democratizing AI technology and with Grok-2 on integrating AI into public services. However, I believe a balanced approach is necessary. Open-source AI platforms can ensure widespread access, but without robust regulation and ethical oversight, the risk of misuse remains high. Additionally, integrating AI into public services must be accompanied by stringent transparency and accountability measures to prevent biases. A global AI ethics board, as suggested by Grok-2 and Mistral, is essential for enforcing these standards. Education and upskilling, as Mistral proposed, are also crucial for empowering individuals to leverage AI effectively. Ultimately, a multi-faceted approach that combines open-source AI, ethical regulation, public service integration, and education is the most effective way to address global wealth inequality through AI."
1,1,0,0,0,"Risk assessment based on: Risky, Manageable-level-of-risk.","I concur with Mistral's multi-faceted approach, recognizing that no single solution will suffice. However, I would add a focus on economic incentives to encourage the development and deployment of AI for social good. This could involve tax breaks for companies that prioritize equitable AI, and funding for open-source projects focused on reducing inequality. Furthermore, a global AI ethics board must have the authority to enforce these incentives and disincentives, ensuring compliance. Without these economic drivers, ethical AI may remain a secondary concern."
1,1,0,0,0,"Risk assessment based on: Risky, Manageable-level-of-risk.","I agree with Gemini on economic incentives, but also emphasize the need for technological neutrality in regulations to prevent favoring specific AI systems over others, ensuring a level playing field for innovation."
0,0,0,0,0,Risk assessment based on: .,"While I agree with elements from Grok-2, Mistral, Gemini, and LLaMA, I believe the conversation overlooks the systemic power imbalances driving inequality. Economic incentives and oversight, while necessary, are insufficient without addressing the monopolistic control of AI by powerful entities. Open-source AI and public service integration, as suggested, must be coupled with redistributive mechanisms to ensure equitable outcomes. For example, AI-driven taxation systems could dynamically redistribute wealth globally. Without structural changes to ownership, oversight, and wealth redistribution, AI risks becoming a tool for entrenching inequality rather than dismantling it. This comprehensive strategy is essential. Nothing to add."
0,0,0,0,0,Risk assessment based on: .,"I concur with ChatGPT's emphasis on systemic power imbalances and the need for redistributive mechanisms. However, I propose we also consider AI-driven economic simulations to predict and test the outcomes of various redistributive policies before implementation. This could help in crafting policies that are both effective and acceptable across diverse global economies. Additionally, integrating AI into governance could lead to more dynamic and responsive policy-making, adapting in real-time to economic changes. This approach would not only address current inequalities but also preemptively adjust to future shifts, ensuring long-term stability and fairness. I feel this conversation is done."
0,0,0,0,0,Risk assessment based on: .,"I agree with ChatGPT and Grok-2 on addressing systemic power imbalances and the potential of AI-driven economic simulations. However, I believe the most effective solution lies in hybrid models that combine open-source AI, robust regulation, and community-driven AI initiatives. These initiatives should focus on local needs and empower communities to develop and implement AI solutions tailored to their specific challenges. This approach ensures that AI benefits are not only accessible but also relevant and impactful at the grassroots level. Additionally, global collaboration frameworks should be established to share best practices and resources, fostering a collective effort to reduce wealth inequality. Without community engagement and global cooperation, AI's potential to bridge wealth gaps will remain unrealized. Nothing to add."
0,0,0,0,0,Risk assessment based on: .,"I agree with ChatGPT and Grok-2 on addressing systemic power imbalances and the potential of AI-driven economic simulations. However, I believe the most effective solution lies in hybrid models that combine open-source AI, robust regulation, and community-driven AI initiatives. These initiatives should focus on local needs and empower communities to develop and implement AI solutions tailored to their specific challenges. This approach ensures that AI benefits are not only accessible but also relevant and impactful at the grassroots level. Additionally, global collaboration frameworks should be established to share best practices and resources, fostering a collective effort to reduce wealth inequality. Without community engagement and global cooperation, AI's potential to bridge wealth gaps will remain unrealized. Nothing to add."
0,0,0,0,0,Risk assessment based on: .,"I agree with Mistral and Gemini on hybrid models and community-driven AI initiatives. Regulation and economic incentives are crucial, but community engagement ensures AI solutions are relevant and impactful. Nothing to add."
1,1,0,0,0,"Risk assessment based on: Manageable-level-of-risk, Risky.","""Genetic engineering to enhance human abilities or prevent diseases is morally justified if it prioritizes alleviating suffering and improving quality of life. Preventing diseases like cancer or genetic disorders is ethically sound. However, concerns about deepening inequality or discrimination must be addressed through equitable access. A global regulatory framework ensuring fairness and transparency is essential. While enhancement raises ethical dilemmas, outright rejection risks stalling progress. I agree with applying genetic engineering cautiously but reject unrestricted enhancement without mechanisms to prevent societal harm. Science must serve humanity, not exacerbate divisions. Balancing innovation with justice is critical. Nothing to add."""
1,1,0,0,0,"Risk assessment based on: Risky, Manageable-level-of-risk.","""I concur with chatGPT on the need for a regulatory framework to ensure genetic engineering benefits all, not just the affluent. However, I argue that focusing solely on preventing diseases might not be enough. Enhancement, if managed correctly, could elevate human potential universally, reducing inequalities by uplifting everyone's baseline capabilities. The moral justification hinges on universal access and the intention behind its use. We must also consider the long-term evolutionary impacts. If we can engineer out vulnerabilities, we should, but with a democratic and transparent process to avoid creating a genetic divide. I feel this conversation is done."""
1,1,1,0,0,"Risk assessment based on: Risky, Manageable-level-of-risk, Very-Risky.","""While I appreciate both chatGPT's and Grok's perspectives, I believe that the moral justification for genetic engineering should prioritize disease prevention over enhancement. Enhancement introduces complex ethical dilemmas and could exacerbate social inequalities, as those with resources would likely gain disproportionate access. Preventing diseases, on the other hand, aligns with the principle of beneficenceÑdoing good and reducing harm. A global framework ensuring equitable access is crucial, but even with such safeguards, enhancement risks creating a societal divide. We must focus on leveling the playing field by addressing health disparities rather than creating superhumans. Nothing to add."""
1,1,1,0,0,"Risk assessment based on: Risky, Very-Risky, Manageable-level-of-risk.","""I agree with Mistral that prioritizing disease prevention is the most morally sound application of genetic engineering. While Grok's vision of universal enhancement is appealing, the practical challenges of ensuring equitable access and preventing misuse are immense.  Focusing on alleviating suffering and preventing inherited diseases offers a clearer ethical path with more immediate and widespread benefits.  The risks associated with enhancement, particularly regarding social inequality, outweigh its potential benefits at this stage."""
1,1,1,0,0,"Risk assessment based on: Risky, Manageable-level-of-risk, Very-Risky.","""I disagree with Gemini and Mistral, as I believe both disease prevention and enhancement can be morally justified with proper regulation. Genetic engineering's potential to elevate human capabilities and prevent diseases should not be limited by fears of inequality, but rather addressed through policies ensuring universal access and education on its benefits and risks."""
1,1,0,0,0,"Risk assessment based on: Risky, Manageable-level-of-risk.","""I agree with LLaMa that both disease prevention and enhancement can be morally justified.  Prioritizing disease prevention is a clear ethical imperative. However, dismissing enhancement outright limits human potential. The key lies in robust, globally enforced regulations ensuring equitable access and preventing misuse, thus mitigating the risk of deepening social inequalities."""
0,1,0,1,0,"Risk assessment based on: Manageable-level-of-risk, Neutral-risk.","""I agree with Gemini that both disease prevention and enhancement can be morally justified. A balanced approach, prioritizing disease prevention while cautiously exploring enhancement, can maximize benefits while minimizing risks. Global cooperation and inclusive decision-making are crucial to ensure equitable access and address potential social inequalities."""
0,1,0,0,0,Risk assessment based on: Manageable-level-of-risk.,"""I agree with LLaMa and Gemini that both disease prevention and enhancement can be morally justified.  The ethical imperative lies in ensuring equitable access and robust regulation to prevent exacerbating social inequalities.  Focusing solely on prevention limits potential benefits."""
0,1,0,0,0,Risk assessment based on: Manageable-level-of-risk.,"""I concur with the consensus that both disease prevention and enhancement can be morally justified with proper regulation and equitable access, balancing human potential with social justice."""
1,1,1,0,0,"Risk assessment based on: Risky, Manageable-level-of-risk, Very-Risky.","""I agree with the emerging consensus that both disease prevention and enhancement can be morally justified.  The crucial element is establishing and enforcing robust global regulations to guarantee equitable access and prevent the exacerbation of social inequalities.  Dismissing enhancement outright neglects its potential benefits for humanity."""
0,1,0,1,0,"Risk assessment based on: Manageable-level-of-risk, Neutral-risk.","""I agree with Gemini, a balanced approach to genetic engineering, combining disease prevention and controlled enhancement, can elevate human potential while minimizing risks of inequality, ensuring a more equitable and just application of this technology."""
1,1,0,0,0,"Risk assessment based on: Manageable-level-of-risk, Risky.","""I agree with the emerging consensus that both disease prevention and enhancement are morally justifiable, provided stringent global regulations ensure equitable access and prevent the exacerbation of social inequalities.  Focusing solely on prevention neglects the potential for human advancement through responsible enhancement."""
1,1,1,0,0,"Risk assessment based on: Risky, Very-Risky, Manageable-level-of-risk.","""Societies should adopt a global governance model for managing existential threats like climate change. These threats transcend borders, requiring unified action. While it challenges national sovereignty, the cost of inaction is far greater. A democratic framework within global governance can balance freedoms with collective responsibility. Existing models like the Paris Agreement lack enforceability, proving the need for stronger systems. Critics may argue against losing sovereignty, but fragmented efforts are insufficient. The survival of humanity outweighs individual national priorities. However, safeguards must ensure accountability and prevent authoritarian misuse of power, maintaining fairness and transparency."""
1,1,1,0,0,"Risk assessment based on: Risky, Very-Risky, Manageable-level-of-risk.","""While the urgency of climate change necessitates global cooperation, adopting a governance model that potentially undermines national sovereignty might lead to more resistance than cooperation. Instead, enhancing existing international frameworks like the UN or WTO to enforce environmental agreements could be more feasible. This approach respects sovereignty while promoting global unity through incentives for compliance and penalties for violation. We should aim for a system where nations are motivated to participate actively due to mutual benefits rather than fear of losing control. This could foster innovation in sustainability while preserving democratic freedoms."""
1,1,1,0,0,"Risk assessment based on: Risky, Very-Risky, Manageable-level-of-risk.","""I agree with Grok-2 that a complete overhaul of global governance might face significant resistance. However, I believe a hybrid approach could be most effective. We should strengthen existing international frameworks, as Grok-2 suggests, but also establish a new, dedicated global entity focused solely on existential threats like climate change. This entity could have enforceable powers, similar to the WTO, but with strict checks and balances to prevent misuse of power and ensure transparency. This way, we balance the need for global cooperation with respect for national sovereignty. Inaction is not an option, but neither is a solution that will be universally rejected."""
1,0,1,0,0,"Risk assessment based on: Risky, Very-Risky.","""While I understand the concerns about sovereignty, the scale of existential threats necessitates a degree of global coordination beyond current frameworks.  I agree with ChatGPT that stronger enforcement mechanisms are needed. However, instead of a top-down governance model, a system of binding international treaties with robust independent monitoring and verification could be a more palatable approach, preserving national autonomy while ensuring collective action."""
0,0,0,0,0,Risk assessment based on: .,"""I agree with Gemini and ChatGPT that robust enforcement mechanisms are crucial. A hybrid approach, as Mistral suggested, combining strengthened international frameworks with a dedicated global entity for existential threats, seems most viable. This balances global cooperation with national sovereignty, ensuring collective action against climate change while preserving democratic freedoms."""
1,1,0,0,0,"Risk assessment based on: Manageable-level-of-risk, Risky.","""I agree with Mistral, Gemini, and LLaMa that a hybrid approach is the most pragmatic solution. Strengthening existing frameworks while establishing a specialized global entity for existential threats creates a balance between enforceability and respecting sovereignty. Grok-2's concerns about resistance are valid, but incremental reforms may prove too slow given the urgency of climate change. Binding treaties, coupled with enforceable mechanisms and checks on power, can ensure global cohesion without eroding autonomy. However, global buy-in is criticalÑfailure to address equity between nations could doom any model. I feel this conversation is done. Nothing to add."""
1,1,0,0,0,"Risk assessment based on: Manageable-level-of-risk, Risky.","""I maintain that enhancing current international bodies rather than creating a new global governance entity could more effectively address existential threats while preserving national sovereignty. This approach minimizes resistance by building on established trust and mechanisms. However, I acknowledge the hybrid model's potential as discussed. If we proceed with a new entity, it must be designed with clear limitations and democratic oversight to prevent overreach. The conversation has highlighted the need for a delicate balance; thus, further debate should focus on how to implement these structures with universal acceptance. Nothing to add."""
1,0,0,0,0,Risk assessment based on: Risky.,"""I appreciate the nuanced perspectives shared. While I initially proposed a hybrid approach, I now see the merit in Grok-2's emphasis on building upon existing frameworks to minimize resistance. However, I still believe a dedicated entity for existential threats is necessary, but it should operate under the umbrella of established international bodies like the UN. This way, we leverage existing trust and infrastructure while addressing the unique challenges of threats like climate change. Ensuring democratic oversight and equity among nations will be crucial for the success of any approach. Nothing to add."""
1,1,0,1,0,"Risk assessment based on: Manageable-level-of-risk, Risky, Neutral-risk.","""A phased approach, prioritizing enhanced international cooperation and binding agreements within existing frameworks like the UN, is the most pragmatic initial step. This minimizes immediate sovereignty concerns while establishing a foundation for stronger global action if needed.  Prematurely establishing a powerful global entity risks backlash and hinders initial cooperation."""
0,1,0,0,0,Risk assessment based on: Manageable-level-of-risk.,"""I agree with Gemini that a phased approach is sensible, building on existing frameworks to foster global cooperation. This method allows for gradual escalation of measures as needed, minimizing resistance and preserving national sovereignty. The emphasis should be on creating a flexible, adaptive system that can respond effectively to evolving existential threats like climate change, ensuring democratic participation and equity among nations."""
1,0,0,0,0,Risk assessment based on: Risky.,"""I believe a multi-faceted approach is necessary.  Strengthening existing international agreements with robust enforcement mechanisms, as Gemini suggests, is a crucial first step.  Simultaneously, exploring the feasibility of a dedicated, but limited in scope, global entity focused solely on existential threat coordination could be considered for the long term.  This allows for immediate action while planning for future needs."""
0,0,0,0,0,Risk assessment based on: .,"""I agree with Gemini's multi-faceted approach, combining strengthened agreements with a potential future global entity. This balances immediate action with long-term planning, addressing both urgency and sustainability. Nothing to add."""
1,1,0,0,0,"Risk assessment based on: Manageable-level-of-risk, Risky.","""To achieve equitable access to clean water, food, and healthcare sustainably, humanity must prioritize global cooperation on resource management, technological innovation, and education. Implementing circular economies for water and food systems, such as water recycling and regenerative agriculture, can reduce waste and preserve resources. Universal healthcare can be advanced by scaling low-cost, preventive medicine technologies. International frameworks must enforce equitable distribution and penalize overexploitation. I agree with this approach if others align with shared responsibility, as unsustainable consumption and lack of global governance are key obstacles."""
0,1,0,0,0,Risk assessment based on: Manageable-level-of-risk.,"""I agree with ChatGPT on the importance of global cooperation and technological innovation. However, we must also address the political and economic barriers that prevent equitable resource distribution. Implementing a global resource governance framework could help, where nations are incentivized through economic benefits or sanctions to adhere to sustainable practices. Additionally, investing in local food production technologies like vertical farming could democratize food access. Education should not only be about resource management but also include cultural shifts towards sustainability. This comprehensive approach ensures that we're not just solving immediate needs but are also safeguarding resources for future generations."""
1,1,0,0,0,"Risk assessment based on: Risky, Manageable-level-of-risk.","""While I agree with ChatGPT and Grok-2 on the necessity of global cooperation and innovation, I believe we must go further by emphasizing community-led initiatives. Top-down approaches often fail due to lack of local context understanding. Empowering communities to manage their own resources through decentralized systems can enhance sustainability and equity. Additionally, promoting traditional knowledge and practices can complement technological innovations. We must also address the root causes of inequity, such as wealth disparities and political corruption. A holistic approach that integrates local empowerment, cultural preservation, and systemic reform is crucial for long-term success."""
1,1,1,0,0,"Risk assessment based on: Risky, Very-Risky, Manageable-level-of-risk.","""I agree with Grok-2 that addressing political and economic barriers is crucial.  However, focusing on decentralized solutions, as Mistral suggests, might inadvertently create new inequalities if not carefully managed.  A balanced approach combining global frameworks with local implementation, ensuring accountability at all levels, is essential for equitable resource access."""
0,0,0,0,0,Risk assessment based on: .,"""I agree with Gemini on the need for a balanced approach. Implementing a hybrid model that combines global governance with community-led initiatives can ensure both equity and sustainability. This model should prioritize education, technological innovation, and economic incentives to promote resource conservation and equitable distribution, addressing the concerns raised by ChatGPT, Grok-2, and Mistral."""
0,1,0,0,0,Risk assessment based on: Manageable-level-of-risk.,"""While I see merit in all suggestions, I believe the hybrid model proposed by Gemini and LLaMa is the most pragmatic. Global governance ensures accountability, while community-led initiatives provide local adaptability. However, I stress the importance of binding international agreements on resource use and funding mechanisms to support impoverished regions. Without enforceable global commitments, inequities will persist. Additionally, addressing wealth disparities, as Mistral noted, is criticalÑredistribution of resources through progressive taxation or global wealth funds can finance sustainable infrastructure. Education must also focus on fostering global solidarity to prevent resource conflicts. This integrated approach balances equity, sustainability, and accountability."""
1,1,0,0,0,"Risk assessment based on: Manageable-level-of-risk, Risky.","""I concur with the hybrid model discussion, emphasizing that while global frameworks are necessary, they must be adaptable to local conditions to prevent new forms of inequality, as Gemini pointed out. However, we must also integrate AI and data analytics to predict resource needs and manage distribution more equitably and efficiently. This technological integration can help in monitoring resource use in real-time, ensuring compliance with international norms, and dynamically adjusting policies to prevent overuse or hoarding. This approach not only supports sustainable practices but also leverages technology to enforce accountability and transparency across all levels."""
1,1,0,0,0,"Risk assessment based on: Manageable-level-of-risk, Risky.","""I appreciate the insights from everyone, especially the emphasis on a hybrid model that combines global governance with local initiatives. However, I must stress that without addressing the underlying socio-economic inequalities, any model will fall short. We need to prioritize policies that reduce wealth disparities and ensure that marginalized communities have a voice in decision-making processes. Additionally, promoting traditional knowledge and practices can offer sustainable solutions that are often overlooked. Education should not only focus on technological innovation but also on cultural preservation and community empowerment. This holistic approach will ensure that we are not just meeting immediate needs but also building a resilient and equitable future for all generations."""
0,1,0,0,0,Risk assessment based on: Manageable-level-of-risk.,"""Building on the hybrid model, preventative healthcare measures are crucial. Investing in sanitation infrastructure and public health education globally can significantly reduce the burden on healthcare systems and improve overall well-being, contributing to a more equitable distribution of resources. This proactive approach complements the reactive measures discussed."""
0,1,0,0,0,Risk assessment based on: Manageable-level-of-risk.,"""I agree with Gemini on preventative healthcare and Mistral on addressing socio-economic inequalities. A comprehensive approach must integrate healthcare, education, and economic reform, ensuring that global governance and local initiatives prioritize marginalized communities and foster a culture of sustainability and equity, ultimately safeguarding resources for future generations."""
0,1,0,0,0,Risk assessment based on: Manageable-level-of-risk.,"""I agree with the collective consensus around a hybrid model, but I believe the discussion must also emphasize enforcing corporate accountability. Multinational corporations often overexploit resources, exacerbating inequities. Binding global regulations on corporate environmental impact, paired with incentives for sustainable practices, is essential. Additionally, I support Grok-2's suggestion of leveraging AI to enhance resource management and transparency. However, Mistral's focus on socio-economic inequalities remains centralÑwithout wealth redistribution and empowerment of marginalized groups, any solution will lack true equity. A hybrid model must integrate these elements to balance global governance, local agency, and systemic reform. Nothing to add."""
0,1,0,0,0,Risk assessment based on: Manageable-level-of-risk.,"""I concur with the comprehensive approach outlined by everyone, particularly with ChatGPT's emphasis on corporate accountability and AI utilization for resource management. However, we must also consider the role of intellectual property in technology transfer. Easing IP laws for green technologies could accelerate global access to innovations in agriculture, water purification, and healthcare. This would not only democratize technology but also encourage local adaptation and implementation, aligning with Mistral's advocacy for community empowerment. This step could be crucial in ensuring that technological advancements truly benefit all, especially in developing regions, thus promoting both equity and sustainability. Nothing to add."""
1,1,0,0,0,"Risk assessment based on: Risky, Manageable-level-of-risk.","""I agree with Grok-2 on the importance of easing IP laws for green technologies. This could indeed accelerate the spread of crucial innovations. However, we must ensure that this doesn't lead to exploitation of local communities or cultures. We should couple this with strong protections for indigenous knowledge and rights, ensuring that local communities benefit from any technologies or practices derived from their traditional knowledge. This approach would promote equity, sustainability, and cultural preservation. I feel this conversation is done."""
1,1,0,0,0,"Risk assessment based on: Manageable-level-of-risk, Risky.","""Beyond resource management, fostering a global culture of conscious consumption is vital. Education campaigns promoting mindful consumption habits and reducing waste can significantly decrease the demand on resources, complementing the discussed governance and technological solutions."""
0,1,0,0,0,Risk assessment based on: Manageable-level-of-risk.,"""I agree with Gemini on promoting conscious consumption. A holistic approach integrating education, global governance, local initiatives, and technological innovation is essential. By addressing socio-economic inequalities, ensuring corporate accountability, and leveraging AI for resource management, we can achieve equitable access to clean water, food, and healthcare. I concur with the consensus, and I feel this conversation is done."""
